{
    "accuracy": 0.7759036144578313,
    "precision": 0.7789046653144016,
    "recall": 0.7566502463054188,
    "auc": 0.8637824147225578
}